label_0,label_1,label_2,label_3,label_4,label_5,label_6,label_7,main_label,title
,,,,,,,1.0,7,
,,,,,,,1.0,7,
,,,,,,,1.0,7,
1.0,,,,,,,1.0,7,
,,,,,,,1.0,7,I've seen the 'Stork with butter' advert three times in the space of half an hour. It makes me really irritable!
,,,,,,,1.0,7,
,,,,,,,1.0,7,"None of the coffee shops in my area do a decent mince pie, but I've seen at least three places with 'Mince pie muffins' as their seasonal offering"
,,,,,,,1.0,7,
,,,1.0,,,,,3,
,,,,,,,1.0,7,
,,,,,,,1.0,7,
,,,,,,,1.0,7,
,,,,,,,1.0,7,
,,,,,,,1.0,7,
,,,,,,,1.0,7,"Another year, another successful Christmas Eve panic shop"
,,,,,,,1.0,7,
,,,,,,,1.0,7,"Im on the Ferry to Cairnryan, it's been half an hour and ive already heard two people shouting ""BASTARDS!"""
1.0,,,,,,,,0,
,,,,,,,1.0,7,
,,,,,,,1.0,7,
,,,,1.0,,,,4,
,,,,,,,1.0,7,
,,,,1.0,,,,4,
,,,,,,,1.0,7,
,,,,,,,1.0,7,
,,,,,,,1.0,7,
,,,,,,,1.0,7,
,,,,,,,1.0,7,21 [F4R] Belfast want to meet friends in the City
,,,,,,,1.0,7,21 (F4R) Belfast - anyone like to keep a stranted rambler company for a few hours?
,,,,,,,1.0,7,
