label_0,label_1,label_2,label_3,label_4,label_5,label_6,label_7,main_label,title
,,,,,,,1.0,7,
,,,,,,,1.0,7,
,,,,,,,1.0,7,
,,,,,,,1.0,7,
,,,,,,,1.0,7,
,,,,,,,1.0,7,"Everyone always talks about proof but can we really, truly, ever prove anything?"
,,,,,,,1.0,7,
,,,,,,,1.0,7,
,,,,,,,1.0,7,Does anyone else feel as though sometime within the last few years the sky has changed it's shade of blue and more or less looks kind of... off?
,,,,,,,1.0,7,
,,,,,,,1.0,7,
,,,,,,,1.0,7,
,,,,,,,1.0,7,
,,,,,,,1.0,7,
,,,,,,,1.0,7,
,,,,,,,1.0,7,"Mechanized Dreams, Tristan Feilinger, India ink and Marker, 2017"
,,,,,,,1.0,7,
,,,,,,,1.0,7,
,,,,,,,1.0,7,
,,,,,,,1.0,7,
,,,,,,,1.0,7,
,,,,,,,1.0,7,
,,,,,,,1.0,7,
,,,,,,,1.0,7,
,,,,,,,1.0,7,"Taking Shape, Digital, 15x20"
,,,,,,,1.0,7,
,,,,,,,1.0,7,
,,,,,,,1.0,7,"Cruisin, Marker on Paper, 10"" x 14"""
,,,,,,,1.0,7,"Riding, Marker on Paper, 12"" x 10"""
